titles,pubDates,links
'It has to stop': Trudeau accuses protesters of blockading democracy ... - CBC News,2022-02-08 08:00:00,https://news.google.com/__i/rss/rd/articles/CBMiRGh0dHBzOi8vd3d3LmNiYy5jYS9uZXdzL3BvbGl0aWNzL290dGF3YS1wcm90ZXN0LXBhcmxpYW1lbnQtMS42MzQyMjIx0gEA?oc=5
Federal Conservatives call on anti-vaccine mandate protesters to ... - CBC.ca,2022-02-11 08:00:00,https://news.google.com/__i/rss/rd/articles/CBMiTmh0dHBzOi8vd3d3LmNiYy5jYS9uZXdzL3BvbGl0aWNzL2NvbnNlcnZhdGl2ZXMtY292aWQtMTktcmVzdHJpY3Rpb25zLTEuNjM0NjU3NtIBAA?oc=5
Ottawa protest's lawyer floats chance of quieter nights as police say resources are stretched thin - CBC News,2022-02-05 08:00:00,https://news.google.com/__i/rss/rd/articles/CBMiTWh0dHBzOi8vd3d3LmNiYy5jYS9uZXdzL3BvbGl0aWNzL2NvbnZveS1wcm90ZXN0LW9uZ29pbmctc2Vjb25kLXdlZWstMS42MzQxMDMw0gEgaHR0cHM6Ly93d3cuY2JjLmNhL2FtcC8xLjYzNDEwMzA?oc=5
Federal dental benefit officially becomes law - CBC News,2022-11-18 08:00:00,https://news.google.com/__i/rss/rd/articles/CBMiTWh0dHBzOi8vd3d3LmNiYy5jYS9uZXdzL3BvbGl0aWNzL2ZlZGVyYWwtZGVudGFsLWNhcmUtb2ZmaWNpYWxseS1sYXctMS42NjU1ODk50gEA?oc=5
Bank of Canada governor Macklem has 'declared class war on ... - CBC News,2022-11-15 08:00:00,https://news.google.com/__i/rss/rd/articles/CBMiSmh0dHBzOi8vd3d3LmNiYy5jYS9uZXdzL3BvbGl0aWNzL21hY2xlbS1jbGFzcy13YXItd29ya2luZy1wZW9wbGUtMS42NjUwODk40gEA?oc=5
More than half of convoy donors who haven't received refunds are ... - CBC News,2022-11-17 08:00:00,https://news.google.com/__i/rss/rd/articles/CBMiS2h0dHBzOi8vd3d3LmNiYy5jYS9uZXdzL3BvbGl0aWNzL2NvbnZveS1wcm90ZXN0LWRvbmF0aW9ucy1yZWZ1bmRzLTEuNjY1NDA2M9IBAA?oc=5
"Disoriented woman wanders into Halifax home, sparks calls for ... - CBC.ca",2022-11-17 08:00:00,https://news.google.com/__i/rss/rd/articles/CBMibmh0dHBzOi8vd3d3LmNiYy5jYS9uZXdzL2NhbmFkYS9ub3ZhLXNjb3RpYS9iZXR0ZXItbWVudGFsLWhlYWx0aC1jYXJlLWhhbGlmYXgtd29tYW4td2FuZGVycy1pbnRvLWhvbWUtMS42NjUzOTQw0gEA?oc=5
Canadian officials have met with Taliban more than a dozen times ... - CBC News,2022-10-05 07:00:00,https://news.google.com/__i/rss/rd/articles/CBMiSGh0dHBzOi8vd3d3LmNiYy5jYS9uZXdzL3RhbGliYW4tYWZnaGFuaXN0YW4ta2FidWwtaHVtYW4tcmlnaHRzLTEuNjYwNTkyNdIBAA?oc=5
Loved ones gather at funeral to honour longtime Manitoba politician Bill Blaikie - CBC.ca,2022-10-03 07:00:00,https://news.google.com/__i/rss/rd/articles/CBMiRmh0dHBzOi8vd3d3LmNiYy5jYS9uZXdzL2NhbmFkYS9tYW5pdG9iYS9iaWxsLWJsYWlraWUtZnVuZXJhbC0xLjY2MDM3NTnSASBodHRwczovL3d3dy5jYmMuY2EvYW1wLzEuNjYwMzc1OQ?oc=5
"Hockey Canada's response to scandal 'boggles the mind,' says ... - CBC News",2022-10-05 07:00:00,https://news.google.com/__i/rss/rd/articles/CBMiTGh0dHBzOi8vd3d3LmNiYy5jYS9uZXdzL3BvbGl0aWNzL2hvY2tleS1jYW5hZGEtc3Qtb25nZS1jbGVhbi1ob3VzZS0xLjY2MDY3ODDSAQA?oc=5
How to win while losing: private members' bills and the virtues of ... - CBC News,2022-10-02 07:00:00,https://news.google.com/__i/rss/rd/articles/CBMiWmh0dHBzOi8vd3d3LmNiYy5jYS9uZXdzL3BvbGl0aWNzL3ZvdGluZy1hZ2UtcHJpdmF0ZS1tZW1iZXJzLWJpbGwtYW5hbHlzaXMtd2hlcnJ5LTEuNjYwMTM0OdIBAA?oc=5
"Jagmeet Singh and his wife have 'realized their error,' will pay for ... - CBC.ca",2022-01-19 08:00:00,https://news.google.com/__i/rss/rd/articles/CBMiTWh0dHBzOi8vd3d3LmNiYy5jYS9uZXdzL3BvbGl0aWNzL2phZ21lZXQtc2luZ2gtY2hhaXItZ2lmdC1yZWltYnVyc2UtMS42MzE5NzA00gEA?oc=5
Alexa McDonough remembered for her dedication to social justice - CBC.ca,2022-01-15 08:00:00,https://news.google.com/__i/rss/rd/articles/CBMiVmh0dHBzOi8vd3d3LmNiYy5jYS9uZXdzL2NhbmFkYS9ub3ZhLXNjb3RpYS9hbGV4YS1tY2Rvbm91Z2gtZGVhdGgtamFuLTE1LTIwMjItMS42MzE2NDUy0gEA?oc=5
Get your top stories in one quick scan - CBC News,2022-01-19 08:00:00,https://news.google.com/__i/rss/rd/articles/CBMiP2h0dHBzOi8vd3d3LmNiYy5jYS9uZXdzL21vcm5pbmctYnJpZWYtamFudWFyeS0xOS0yMDIyLTEuNjMxODc1NdIBAA?oc=5
Ottawa will give $650 annually to low and mid-income families for ... - CBC News,2022-09-08 07:00:00,https://news.google.com/__i/rss/rd/articles/CBMiTWh0dHBzOi8vd3d3LmNiYy5jYS9uZXdzL3BvbGl0aWNzL2xpYmVyYWwtbmRwLWFmZm9yZGFiaWxpdHktbWVhc3VyZXMtMS42NTc1NTAy0gEA?oc=5
What Queen Elizabeth's lifetime of duty should mean to us now - CBC News,2022-09-09 07:00:00,https://news.google.com/__i/rss/rd/articles/CBMiU2h0dHBzOi8vd3d3LmNiYy5jYS9uZXdzL3BvbGl0aWNzL3F1ZWVuLWVsaXphYmV0aC1tb25hcmNoeS13aGVycnktYW5hbHlzaXMtMS42NTc2NjI40gEA?oc=5
'I will miss her so': Trudeau mourns the death of Canada's Queen - CBC News,2022-09-08 07:00:00,https://news.google.com/__i/rss/rd/articles/CBMiT2h0dHBzOi8vd3d3LmNiYy5jYS9uZXdzL3BvbGl0aWNzL3RydWRlYXUtbW91cm5zLWRlYXRoLXF1ZWVuLWVsaXphYmV0aC0xLjY1NzYxMDLSAQA?oc=5
Calgary Sikhs plan motorbike rally to Sundre in goodwill gesture ... - CBC.ca,2022-09-03 07:00:00,https://news.google.com/__i/rss/rd/articles/CBMiWmh0dHBzOi8vd3d3LmNiYy5jYS9uZXdzL2NhbmFkYS9jYWxnYXJ5L3Npa2gtZGFzaG1lc2gtc3VuZHJlLWFsYmVydGEtcGFyYWRlLWZsb2F0LTEuNjU3MTEyONIBAA?oc=5
"Liberals begin 3-day cabinet retreat focused on cost of living, economy - CBC News",2022-09-06 07:00:00,https://news.google.com/__i/rss/rd/articles/CBMiUGh0dHBzOi8vd3d3LmNiYy5jYS9uZXdzL3BvbGl0aWNzL2xpYmVyYWwtY2F1Y3VzLXJldHJlYXQtY29zdC1vZi1saXZpbmctMS42NTcwMzIx0gEA?oc=5
MPs getting panic buttons after minister reveals he received death ... - CBC News,2022-06-20 07:00:00,https://news.google.com/__i/rss/rd/articles/CBMiVGh0dHBzOi8vd3d3LmNiYy5jYS9uZXdzL3BvbGl0aWNzL21wLXRvLWdldC1wYW5pYy1idXR0b25zLXNlY3VyaXR5LWNvbmNlcm5zLTEuNjQ5NTIyONIBAA?oc=5
Trudeau calls U.S. court decision overturning Roe v. Wade 'horrific' - CBC.ca,2022-06-24 07:00:00,https://news.google.com/__i/rss/rd/articles/CBMiTWh0dHBzOi8vd3d3LmNiYy5jYS9uZXdzL3BvbGl0aWNzL3RydWRlYXUtaG9ycmlmaWMtdXMtY291cnQtYWJvcnRpb24tMS42NTAwNDc10gEA?oc=5
Trudeau says Ottawa 'had a lot of questions' after N.S. mass ... - CBC News,2022-06-23 07:00:00,https://news.google.com/__i/rss/rd/articles/CBMiWmh0dHBzOi8vd3d3LmNiYy5jYS9uZXdzL3BvbGl0aWNzL2x1Y2tpLW5vdmEtc2NvdGlhLXNob290aW5nLWludGVyZmVyZW5jZS10cnVkZWF1LTEuNjQ5ODg4NNIBAA?oc=5
Higher oil and gas prices may be permanent: former Bank of ... - CBC.ca,2022-06-23 07:00:00,https://news.google.com/__i/rss/rd/articles/CBMiSWh0dHBzOi8vd3d3LmNiYy5jYS9uZXdzL3BvbGl0aWNzL3BvbG96LWdhcy1vaWwtcHJpY2VzLWluZmxhdGlvbi0xLjY0OTgwMTXSAQA?oc=5
"Trudeau dismisses pitch to impose windfall taxes on energy, grocery ... - CBC.ca",2022-12-21 08:00:00,https://news.google.com/__i/rss/rd/articles/CBMiYGh0dHBzOi8vd3d3LmNiYy5jYS9uZXdzL3BvbGl0aWNzL3RydWRlYXUtaW50ZXJ2aWV3LWVjb25vbXktd2luZGZhbGwtdGF4LWludGVyZXN0LXJhdGVzLTEuNjY5Mzc3N9IBAA?oc=5
Get your top stories in one quick scan - CBC.ca,2022-12-22 08:00:00,https://news.google.com/__i/rss/rd/articles/CBMiR2h0dHBzOi8vd3d3LmNiYy5jYS9uZXdzL2NhbmFkYS9tb3JuaW5nLWJyaWVmLWRlY2VtYmVyLTIyLTIwMjItMS42NjkzNDE40gEA?oc=5
Non-citizens of Ukraine don't qualify for temporary refuge in Canada - CBC News,2022-03-08 08:00:00,https://news.google.com/__i/rss/rd/articles/CBMiT2h0dHBzOi8vd3d3LmNiYy5jYS9uZXdzL3BvbGl0aWNzL3VrcmFpbmUtdGVtcG9yYXJ5LXJlZnVnZS1jaXRpemVuc2hpcC0xLjYzNzU4MzjSAQA?oc=5
Leader of Proud Boys extremist group arrested over Jan. 6 attack on ... - CBC News,2022-03-08 08:00:00,https://news.google.com/__i/rss/rd/articles/CBMiT2h0dHBzOi8vd3d3LmNiYy5jYS9uZXdzL3dvcmxkL3Byb3VkLWJveXMtbGVhZGVyLWFycmVzdGVkLWNhcGl0b2wtcmlvdC0xLjYzNzczNDnSAQA?oc=5
Emergencies Act passes crucial House of Commons vote with NDP ... - CBC.ca,2022-02-22 08:00:00,https://news.google.com/__i/rss/rd/articles/CBMiR2h0dHBzOi8vd3d3LmNiYy5jYS9uZXdzL3BvbGl0aWNzL3RydWRlYXUtZW1lcmdlbmNpZXMtYWN0LXZvdGUtMS42MzU5MjQz0gEA?oc=5
"Trudeau ends use of Emergencies Act, says 'situation is no longer ... - CBC News",2022-02-23 08:00:00,https://news.google.com/__i/rss/rd/articles/CBMiPmh0dHBzOi8vd3d3LmNiYy5jYS9uZXdzL3BvbGl0aWNzL3RydWRlYXUtZXZlbnQtZmViMjMtMS42MzYxODQ30gEA?oc=5
Canadians fear for safety of loved ones amid Russian invasion of ... - CBC.ca,2022-02-25 08:00:00,https://news.google.com/__i/rss/rd/articles/CBMiUGh0dHBzOi8vd3d3LmNiYy5jYS9uZXdzL2NhbmFkYS9jYW5hZGEtdWtyYWluZS1ydXNzaWEtY29uZmxpY3QtcmVhY3Rpb24tMS42MzYzMTQy0gEA?oc=5
The NDP suffered from a credibility gap in 2021 — and Singh's ... - CBC.ca,2022-10-16 07:00:00,https://news.google.com/__i/rss/rd/articles/CBMiSWh0dHBzOi8vd3d3LmNiYy5jYS9uZXdzL3BvbGl0aWNzL25kcC1zaW5naC1jcmVkaWJpbGl0eS1lbGVjdGlvbi0xLjY2MTQzMDbSAQA?oc=5
Loblaw's decision to freeze prices on all No Name items until ... - CBC.ca,2022-10-17 07:00:00,https://news.google.com/__i/rss/rd/articles/CBMiS2h0dHBzOi8vd3d3LmNiYy5jYS9uZXdzL2J1c2luZXNzL2xvYmxhdy1ncm9jZXJ5LWluZmxhdGlvbi1uby1uYW1lLTEuNjYxODgyOdIBAA?oc=5
Prime minister says police need more support in wake of Burnaby ... - CBC.ca,2022-10-19 07:00:00,https://news.google.com/__i/rss/rd/articles/CBMidWh0dHBzOi8vd3d3LmNiYy5jYS9uZXdzL2NhbmFkYS9icml0aXNoLWNvbHVtYmlhL2hvdXNlLW9mLWNvbW1vbnMtcGF5cy10cmlidXRlLXRvLWItYy1vZmZpY2VyLWtpbGxlZC1vbi1kdXR5LTEuNjYyMjQ5NdIBAA?oc=5
Why Rachel Notley can't rely on Danielle Smith to stumble her way ... - CBC.ca,2022-10-19 07:00:00,https://news.google.com/__i/rss/rd/articles/CBMiXWh0dHBzOi8vd3d3LmNiYy5jYS9uZXdzL2NhbmFkYS9jYWxnYXJ5L25vdGxleS1hbGJlcnRhLW5kcC1jb252ZW50aW9uLWRhbmllbGxlLXNtaXRoLTEuNjYyMTg4NtIBAA?oc=5
"House of Commons pays tribute to late Bill Blaikie, who served as Manitoba MP for nearly 30 years - CBC.ca",2022-10-19 07:00:00,https://news.google.com/__i/rss/rd/articles/CBMiV2h0dHBzOi8vd3d3LmNiYy5jYS9uZXdzL2NhbmFkYS9tYW5pdG9iYS9iaWxsLWJsYWlraWUtaG91c2Utb2YtY29tbW9ucy10cmlidXRlLTEuNjYyMjEzNtIBIGh0dHBzOi8vd3d3LmNiYy5jYS9hbXAvMS42NjIyMTM2?oc=5
Government will review RCMP contract awarded to China-linked ... - CBC News,2022-12-07 08:00:00,https://news.google.com/__i/rss/rd/articles/CBMiSmh0dHBzOi8vd3d3LmNiYy5jYS9uZXdzL3BvbGl0aWNzL3JjbXAtY29udHJhY3QtZ292ZXJubWVudC1yZXZpZXctMS42Njc3MTM20gEA?oc=5
"AFN assembly wraps with some progress, 1 show of unity and ... - CBC.ca",2022-12-08 08:00:00,https://news.google.com/__i/rss/rd/articles/CBMiSGh0dHBzOi8vd3d3LmNiYy5jYS9uZXdzL2luZGlnZW5vdXMvYWZuLXNwZWNpYWwtY2hpZWZzLWFzc2VtYmx5LTEuNjY3OTcyMtIBAA?oc=5
"Federal COVID-19 vaccine, benefits rollout swift but wasteful: AG - CBC.ca",2022-12-06 08:00:00,https://news.google.com/__i/rss/rd/articles/CBMiVWh0dHBzOi8vd3d3LmNiYy5jYS9uZXdzL3BvbGl0aWNzL2F1ZGl0b3ItZ2VuZXJhbC1wYW5kZW1pYy1iZW5lZml0cy12YWNjaW5lcy0xLjY2NzU3MjnSAQA?oc=5
Canadian politics has a rage problem — and politicians have to be ... - CBC.ca,2022-08-30 07:00:00,https://news.google.com/__i/rss/rd/articles/CBMiSWh0dHBzOi8vd3d3LmNiYy5jYS9uZXdzL3BvbGl0aWNzL3BvbGl0aWNzLWNhbmFkYS1hbmdlci1mcmVlbGFuZC0xLjY1NjY1NjfSAQA?oc=5
NDP to introduce new bill to decriminalize drug use as overdose ... - CBC.ca,2022-02-02 08:00:00,https://news.google.com/__i/rss/rd/articles/CBMihQFodHRwczovL3d3dy5jYmMuY2EvbmV3cy9jYW5hZGEvYnJpdGlzaC1jb2x1bWJpYS9uZHAtdG8taW50cm9kdWNlLW5ldy1iaWxsLXRvLWRlY3JpbWluYWxpemUtZHJ1Zy11c2UtYXMtb3ZlcmRvc2UtZGVhdGhzLXNvYXItMS42MzM3NTYy0gEA?oc=5
"Trudeau tests positive for COVID-19, condemns 'hateful' rhetoric - CBC News",2022-01-31 08:00:00,https://news.google.com/__i/rss/rd/articles/CBMiQWh0dHBzOi8vd3d3LmNiYy5jYS9uZXdzL3BvbGl0aWNzL3RydWRlYXUtcHJvdGVzdC1vdHRhd2EtMS42MzMzMzE20gEA?oc=5
Candice Bergen voted interim Conservative leader after caucus ... - CBC News,2022-02-03 08:00:00,https://news.google.com/__i/rss/rd/articles/CBMiQWh0dHBzOi8vd3d3LmNiYy5jYS9uZXdzL3BvbGl0aWNzL290b29sZS1sZWFkZXJzaGlwLXZvdGUtMS42MzM2MzM20gEA?oc=5
Thousands opposed to COVID-19 rules converge on Parliament Hill - CBC News,2022-01-29 08:00:00,https://news.google.com/__i/rss/rd/articles/CBMiUGh0dHBzOi8vd3d3LmNiYy5jYS9uZXdzL3BvbGl0aWNzL3RydWNrLWNvbnZveS1wcm90ZXN0LXNvbWUta2V5LXBsYXllcnMtMS42MzMyMzEy0gEA?oc=5
"Trudeau seeks NDP, Bloc support to prevent Conservative ... - CBC News",2022-01-30 08:00:00,https://news.google.com/__i/rss/rd/articles/CBMiU2h0dHBzOi8vd3d3LmNiYy5jYS9uZXdzL3BvbGl0aWNzL3RydWRlYXUtb3Bwb3NpdGlvbi1zdXBwb3J0LWhvdXNlLXJldHVybnMtMS42MzMzMTU40gEA?oc=5
Bloc Québécois saw biggest drop in fundraising after federal election - CBC News,2022-02-01 08:00:00,https://news.google.com/__i/rss/rd/articles/CBMiUGh0dHBzOi8vd3d3LmNiYy5jYS9uZXdzL3BvbGl0aWNzL2Jsb2Mtc2Vlcy1iaWdnZXN0LWRyb3AtaW4tZnVuZHJhaXNpbmctMS42MzM1NzM30gEA?oc=5
B.C. Liberals prepare to elect new leader after 2 election defeats - CBC.ca,2022-01-30 08:00:00,https://news.google.com/__i/rss/rd/articles/CBMiT2h0dHBzOi8vd3d3LmNiYy5jYS9uZXdzL2NhbmFkYS9icml0aXNoLWNvbHVtYmlhL2JjLWxpYmVyYWwtbGVhZGVyc2hpcC0xLjYzMzI5NTXSASBodHRwczovL3d3dy5jYmMuY2EvYW1wLzEuNjMzMjk1NQ?oc=5
NDP Leader Jagmeet Singh says he plans on taking paternity leave ... - CBC.ca,2022-01-07 08:00:00,https://news.google.com/__i/rss/rd/articles/CBMiOWh0dHBzOi8vd3d3LmNiYy5jYS9uZXdzL3BvbGl0aWNzL3NpbmdoLW5ldy1iYWJ5LTEuNjMwNzA3NNIBAA?oc=5
Lisa LaFlamme 'blindsided' by cancellation of CTV contract - CBC News,2022-08-15 07:00:00,https://news.google.com/__i/rss/rd/articles/CBMiTWh0dHBzOi8vd3d3LmNiYy5jYS9uZXdzL2VudGVydGFpbm1lbnQvbGlzYS1sYWZsYW1tZS1jdHYtYmxpbmRzaGlkZWQtMS42NTUxNjI40gEA?oc=5
"A year after Taliban takeover, advisers still pleading for help to bring ... - CBC.ca",2022-08-15 07:00:00,https://news.google.com/__i/rss/rd/articles/CBMiU2h0dHBzOi8vd3d3LmNiYy5jYS9uZXdzL2NhbmFkYS9zYXNrYXRvb24vdGFsaWJhbi1mYW1pbGllcy1mb3JtZXItYWR2aXNlcnMtMS42NTUwMTMx0gEA?oc=5
Affordability in Canada is at a crisis point — and politicians don't ... - CBC.ca,2022-09-18 07:00:00,https://news.google.com/__i/rss/rd/articles/CBMiUGh0dHBzOi8vd3d3LmNiYy5jYS9uZXdzL3BvbGl0aWNzL2luZmxhdGlvbi1wb2xpdGljYWwtcGFydGllcy1zb2x1dGlvbnMtMS42NTg2NzM20gEA?oc=5
"So who's 'woke,' what does it mean and how is it being used in ... - CBC.ca",2022-09-17 07:00:00,https://news.google.com/__i/rss/rd/articles/CBMiTGh0dHBzOi8vd3d3LmNiYy5jYS9uZXdzL3BvbGl0aWNzL2xpYmVyYWxzLWRpc3RhbmNlLWZyb20td29rZS1sYWJlbC0xLjY1ODYxMzbSAQA?oc=5
Canada is the country it is today because of Queen Elizabeth ... - CBC News,2022-09-19 07:00:00,https://news.google.com/__i/rss/rd/articles/CBMiT2h0dHBzOi8vd3d3LmNiYy5jYS9uZXdzL3BvbGl0aWNzL25hdGlvbmFsLWNvbW1lbW9yYXRpdmUtY2VyZW1vbnktbGl2ZS0xLjY1ODU5OTHSAQA?oc=5
Liberal House leader urges MPs to ' rise to the occasion' as House of Commons resumes - CBC.ca,2022-09-20 07:00:00,https://news.google.com/__i/rss/rd/articles/CBMiPWh0dHBzOi8vd3d3LmNiYy5jYS9uZXdzL3BvbGl0aWNzL2hvdXNlLXJldHVybnMtZmFsbC0xLjY1ODg0ODfSASBodHRwczovL3d3dy5jYmMuY2EvYW1wLzEuNjU4ODQ4Nw?oc=5
Parliament had a lively summer. It's about to get louder - CBC.ca,2022-09-18 07:00:00,https://news.google.com/__i/rss/rd/articles/CBMiR2h0dHBzOi8vd3d3LmNiYy5jYS9uZXdzL3BvbGl0aWNzL3BhcmxpYW1lbnQtdHJ1ZGVhdS1wb2lsaWV2cmUtMS42NTg1ODcw0gEA?oc=5
That Liberal-NDP deal may be putting New Democrats in an awkward spot - CBC News,2022-04-03 07:00:00,https://news.google.com/__i/rss/rd/articles/CBMiXWh0dHBzOi8vd3d3LmNiYy5jYS9uZXdzL3BvbGl0aWNzL25kcC1saWJlcmFsLWNvbmZpZGVuY2Utc3VwcGx5LXRydWRlYXUtc2luZ2gtYnVkZ2V0LTEuNjQwNTg4MdIBIGh0dHBzOi8vd3d3LmNiYy5jYS9hbXAvMS42NDA1ODgx?oc=5
Conservatives blast Liberal budget as NDP strives to balance ... - CBC.ca,2022-04-07 07:00:00,https://news.google.com/__i/rss/rd/articles/CBMiSmh0dHBzOi8vd3d3LmNiYy5jYS9uZXdzL3BvbGl0aWNzLzIwMjItYnVkZ2V0LW9wcG9zaXRpb24tcmVhY3Rpb24tMS42NDEyNjEy0gEA?oc=5
"Russia puts Trudeau, foreign affairs and defence ministers on its ... - CBC News",2022-03-15 07:00:00,https://news.google.com/__i/rss/rd/articles/CBMiT2h0dHBzOi8vd3d3LmNiYy5jYS9uZXdzL3BvbGl0aWNzL3J1c3NpYS1ibGFjay1saXN0LXRydWRlYXUtam9seS1hbmFuZC0xLjYzODU1NzPSAQA?oc=5
Ukrainian President Volodymyr Zelensky addresses Parliament as ... - CBC News,2022-03-15 07:00:00,https://news.google.com/__i/rss/rd/articles/CBMiT2h0dHBzOi8vd3d3LmNiYy5jYS9uZXdzL3BvbGl0aWNzL3plbGVuc2t5LWNhbmFkaWFuLXBhcmxpYW1lbnQtYWRkcmVzcy0xLjYzODUyMTjSAQA?oc=5
"After COVID hiatus, 2022 Dene National Assembly provides ... - CBC.ca",2022-07-24 07:00:00,https://news.google.com/__i/rss/rd/articles/CBMiUWh0dHBzOi8vd3d3LmNiYy5jYS9uZXdzL2NhbmFkYS9ub3J0aC9kZW5lLW5hdGlvbmFsLWFzc2VtYmx5LTIwMjItcGhvdG9zLTEuNjUyOTY5NdIBAA?oc=5
Ottawa calls on telecom companies to shore up networks after ... - CBC News,2022-07-11 07:00:00,https://news.google.com/__i/rss/rd/articles/CBMiWWh0dHBzOi8vd3d3LmNiYy5jYS9uZXdzL3BvbGl0aWNzL290dGF3YS1kZW1hbmRpbmctaW1wcm92ZS1uZXR3b3JrLXJvZ2Vycy1vdXRhZ2UtMS42NTE2OTcw0gEA?oc=5
Tracking the fallout of the Hockey Canada scandal - CBC.ca,2022-10-08 07:00:00,https://news.google.com/__i/rss/rd/articles/CBMiUWh0dHBzOi8vd3d3LmNiYy5jYS9uZXdzL2NhbmFkYS9ob2NrZXktY2FuYWRhLWxlYWRlcnNoaXAtY2hhbmdlLXByZXNzdXJlLTEuNjYwODUwNtIBAA?oc=5
That Liberal-NDP deal made Parliament more predictable — but not ... - CBC News,2022-05-29 07:00:00,https://news.google.com/__i/rss/rd/articles/CBMiTGh0dHBzOi8vd3d3LmNiYy5jYS9uZXdzL3BvbGl0aWNzL3BhcmxpYW1lbnQtbGliZXJhbC1uZHAtZGVhbC12b3Rlcy0xLjY0NjgyOTLSAQA?oc=5
Opposition MPs call for more transparency about secret orders-in ... - CBC News,2022-06-02 07:00:00,https://news.google.com/__i/rss/rd/articles/CBMiUGh0dHBzOi8vd3d3LmNiYy5jYS9uZXdzL3BvbGl0aWNzL3RyYW5zcGFyZW5jeS1zZWNyZXQtb3JkZXJzLWluLWNvdW5jaWwtMS42NDc0NDcx0gEA?oc=5
Steven Del Duca resigns after losing election bid as PCs dominate ... - CBC.ca,2022-06-03 07:00:00,https://news.google.com/__i/rss/rd/articles/CBMiTWh0dHBzOi8vd3d3LmNiYy5jYS9uZXdzL2NhbmFkYS90b3JvbnRvL29udGFyaW8tZWxlY3Rpb24tZ3RhLXJlc3VsdHMtMS42NDc1ODA50gEA?oc=5
Close races to watch in the final stretch of the Ontario election ... - CBC.ca,2022-05-30 07:00:00,https://news.google.com/__i/rss/rd/articles/CBMiWmh0dHBzOi8vd3d3LmNiYy5jYS9uZXdzL2NhbmFkYS90b3JvbnRvL2Nsb3NlLXJhY2VzLXJpZGluZ3Mtb250YXJpby1lbGVjdGlvbi0yMDIyLTEuNjQ2ODI4NtIBAA?oc=5
Toronto lawyer says she's 'shaken up' after arrest outside Doug Ford ... - CBC.ca,2022-05-28 07:00:00,https://news.google.com/__i/rss/rd/articles/CBMiUWh0dHBzOi8vd3d3LmNiYy5jYS9uZXdzL2NhbmFkYS9oYW1pbHRvbi9sYXd5ZXItYXJyZXN0ZWQtZG91Zy1mb3JkLXJhbGx5LTEuNjQ2NzkxNNIBAA?oc=5
"Liberals say they're open to speaking with provinces, cities about ... - CBC News",2022-06-01 07:00:00,https://news.google.com/__i/rss/rd/articles/CBMiU2h0dHBzOi8vd3d3LmNiYy5jYS9uZXdzL3BvbGl0aWNzL2RlY3JpbWluYWxpemF0aW9uLWRydWdzLWV4cGFuZGluZy1jYW5hZGEtMS42NDc0MTY30gEA?oc=5
"Better, bad, worse, the same: How Ontario's political parties fared in ... - CBC.ca",2022-06-03 07:00:00,https://news.google.com/__i/rss/rd/articles/CBMiVGh0dHBzOi8vd3d3LmNiYy5jYS9uZXdzL2NhbmFkYS90b3JvbnRvL29udGFyaW8tZWxlY3Rpb24tMjAyMi1wYXJ0eS1yZXN1bHRzLTEuNjQ3Mzc2OdIBAA?oc=5
Hamilton East-Stoney Creek: 'Up in the air' or NDP mainstay ... - CBC.ca,2022-05-31 07:00:00,https://news.google.com/__i/rss/rd/articles/CBMiWmh0dHBzOi8vd3d3LmNiYy5jYS9uZXdzL2NhbmFkYS9oYW1pbHRvbi9oYW1pbHRvbi1lYXN0LXN0b25leS1jcmVlay1lbGVjdGlvbi0yMDIyLTEuNjQ2NjM2NdIBAA?oc=5
NDP's Laura-Mae Lindo 'humbled' to be re-elected in Kitchener Centre - CBC.ca,2022-06-03 07:00:00,https://news.google.com/__i/rss/rd/articles/CBMiamh0dHBzOi8vd3d3LmNiYy5jYS9uZXdzL2NhbmFkYS9raXRjaGVuZXItd2F0ZXJsb28va2l0Y2hlbmVyLWNlbnRyZS1vbnRhcmlvLWVsZWN0aW9uLTIwMjItcmVzdWx0cy0xLjY0NzM5NjHSAQA?oc=5
Ontario New Democrats pledge to double current ODSP and OW ... - CBC.ca,2022-05-14 07:00:00,https://news.google.com/__i/rss/rd/articles/CBMiVmh0dHBzOi8vd3d3LmNiYy5jYS9uZXdzL2NhbmFkYS90b3JvbnRvL29udGFyaW8tbmRwLW9kc3AtcmF0ZXMtYnJhbXB0b24tcmFsbHktMS42NDUzNTUw0gEA?oc=5
"Prince Charles, Camilla depart St. John's as Day 1 of Canadian ... - CBC.ca",2022-05-17 07:00:00,https://news.google.com/__i/rss/rd/articles/CBMiYmh0dHBzOi8vd3d3LmNiYy5jYS9uZXdzL2NhbmFkYS9uZXdmb3VuZGxhbmQtbGFicmFkb3IvY2hhcmxlcy1jYW1pbGxhLXJveWFsLXZpc2l0LXN0am9obnMtMS42NDU0Njg50gEA?oc=5
Televised election debates are important — but they could be better - CBC News,2022-05-15 07:00:00,https://news.google.com/__i/rss/rd/articles/CBMiSWh0dHBzOi8vd3d3LmNiYy5jYS9uZXdzL3BvbGl0aWNzL21pbm9yaXR5LXJlcG9ydC1kZWJhdGVzLXdoZXJyeS0xLjY0NTI4NzjSAQA?oc=5
Doug Ford's path to another majority runs through these ridings - CBC.ca,2022-05-18 07:00:00,https://news.google.com/__i/rss/rd/articles/CBMiamh0dHBzOi8vd3d3LmNiYy5jYS9uZXdzL2NhbmFkYS90b3JvbnRvL29udGFyaW8tZWxlY3Rpb24tMjAyMi1wYy1wYXJ0eS1kb3VnLWZvcmQtcGF0aC10by1tYWpvcml0eS0xLjYzNDY2NTTSAQA?oc=5
"Ford talks auto industry, green steel during election stop on ... - CBC.ca",2022-05-19 07:00:00,https://news.google.com/__i/rss/rd/articles/CBMiSWh0dHBzOi8vd3d3LmNiYy5jYS9uZXdzL2NhbmFkYS9oYW1pbHRvbi9kb3VnLWZvcmQtaGFtaWx0b24tMjAyMi0xLjY0NTgwNTTSAQA?oc=5
Longest hotel strike in B.C. history hits 1-year mark with tourism season fast approaching - CBC.ca,2022-04-13 07:00:00,https://news.google.com/__i/rss/rd/articles/CBMiUmh0dHBzOi8vd3d3LmNiYy5jYS9uZXdzL2NhbmFkYS9icml0aXNoLWNvbHVtYmlhL2hpc3RvcmljYWwtaG90ZWwtbG9ja291dC0xLjY0MTg0MjLSASBodHRwczovL3d3dy5jYmMuY2EvYW1wLzEuNjQxODQyMg?oc=5
Justin Trudeau looks back on a tumultuous 2022 in year-end ... - CBC News,2022-12-25 08:00:00,https://news.google.com/__i/rss/rd/articles/CBMiTWh0dHBzOi8vd3d3LmNiYy5jYS9uZXdzL3BvbGl0aWNzL2p1c3Rpbi10cnVkZWF1LTIwMjIteWVhci1pbi1yZXZpZXctMS42Njg5NTY40gEA?oc=5
CBC Radio's The House: Test your knowledge with our 2022 quiz - CBC.ca,2022-12-24 08:00:00,https://news.google.com/__i/rss/rd/articles/CBMiR2h0dHBzOi8vd3d3LmNiYy5jYS9uZXdzL3BvbGl0aWNzL3RoZS1ob3VzZS0yMDIyLXF1aXotcG9saXRpY3MtMS42Njg0NjYy0gEA?oc=5
"NDP's Jagmeet Singh denounces trucker convoy, disagrees with ... - CBC News",2022-01-26 08:00:00,https://news.google.com/__i/rss/rd/articles/CBMiTmh0dHBzOi8vd3d3LmNiYy5jYS9uZXdzL3BvbGl0aWNzL3NpbmdoLXRydWNrZXItY29udm95LWJyb3RoZXItaW4tbGF3LTEuNjMyODY4OdIBAA?oc=5
Erin O'Toole plans to meet with truckers protesting vaccine mandates in Ottawa - CBC News,2022-01-27 08:00:00,https://news.google.com/__i/rss/rd/articles/CBMiSGh0dHBzOi8vd3d3LmNiYy5jYS9uZXdzL3BvbGl0aWNzL290b29sZS1jb252b3ktcHJvdGVzdC1tZWV0aW5nLTEuNjMzMDU3NdIBIGh0dHBzOi8vd3d3LmNiYy5jYS9hbXAvMS42MzMwNTc1?oc=5
Large number of donations to support convoy came from aliases ... - CBC News,2022-01-28 08:00:00,https://news.google.com/__i/rss/rd/articles/CBMiVGh0dHBzOi8vd3d3LmNiYy5jYS9uZXdzL3BvbGl0aWNzL3ZhY2NpbmUtcHJvdGVzdC1jb252b3ktZ29mdW5kbWUtZG9uYXRpb25zLTEuNjMzMDU5NNIBAA?oc=5
GoFundMe has released $1M of more than $6M raised for protest ... - CBC News,2022-01-27 08:00:00,https://news.google.com/__i/rss/rd/articles/CBMiSWh0dHBzOi8vd3d3LmNiYy5jYS9uZXdzL3BvbGl0aWNzL2dvZnVuZG1lLW1vbmV5LXJlbGVhc2VkLWNvbnZveS0xLjYzMjgwMjnSAQA?oc=5
Conservative post-election report says O'Toole was 'over-managed ... - CBC News,2022-01-27 08:00:00,https://news.google.com/__i/rss/rd/articles/CBMiRmh0dHBzOi8vd3d3LmNiYy5jYS9uZXdzL3BvbGl0aWNzL290b29sZS1wb3N0LWVsZWN0aW9uLXJlcG9ydC0xLjYzMjk5NjHSAQA?oc=5
OPP warns of potential traffic disruptions as trucker convoy rolls ... - CBC.ca,2022-01-26 08:00:00,https://news.google.com/__i/rss/rd/articles/CBMiXGh0dHBzOi8vd3d3LmNiYy5jYS9uZXdzL2NhbmFkYS90b3JvbnRvL29wcC10cnVja2Vycy1jb252b3ktZ3RhLXRyYWZmaWMtZGlzcnVwdGlvbnMtMS42MzI5MzA40gEA?oc=5
Inflation relief measures should be well targeted and temporary ... - CBC.ca,2022-11-23 08:00:00,https://news.google.com/__i/rss/rd/articles/CBMiUWh0dHBzOi8vd3d3LmNiYy5jYS9uZXdzL3BvbGl0aWNzL3RpZmYtbWFja2xlbS10YXJnZXRlZC1pbmZsYXRpb24tcmVsaWVmLTEuNjY2MjQyNdIBAA?oc=5
NDP Leader Jagmeet Singh to visit N.W.T. for 1st time - CBC.ca,2022-07-18 07:00:00,https://news.google.com/__i/rss/rd/articles/CBMiUWh0dHBzOi8vd3d3LmNiYy5jYS9uZXdzL2NhbmFkYS9ub3J0aC9uZHAtbGVhZGVyLWphZ21lZXQtc2luZ2gtbnd0LXZpc2l0LTEuNjUyNDExNtIBAA?oc=5
"Conservatives, NDP call for urgent committee meeting on holiday ... - CBC News",2023-01-04 08:00:00,https://news.google.com/__i/rss/rd/articles/CBMiamh0dHBzOi8vd3d3LmNiYy5jYS9uZXdzL3BvbGl0aWNzL2NvbnNlcnZ0aXZlcy1uZHAtcmVxdWVzdC10cmFuc3BvcnQtbWluaXN0ZXItaG9saWRheS10cmF2ZWwtbWVzcy0xLjY3MDQwNzTSAQA?oc=5
"This Sikh mom couldn't find a proper helmet for her boys. Now, she's ... - CBC.ca",2023-01-06 08:00:00,https://news.google.com/__i/rss/rd/articles/CBMiPGh0dHBzOi8vd3d3LmNiYy5jYS9uZXdzL2NhbmFkYS90b3JvbnRvL3Npa2gtaGVsbWV0LTEuNjcwNDY2MNIBAA?oc=5
"Political rhetoric on inflation is out of touch with reality, experts say - CBC.ca",2022-04-22 07:00:00,https://news.google.com/__i/rss/rd/articles/CBMiQ2h0dHBzOi8vd3d3LmNiYy5jYS9uZXdzL3BvbGl0aWNzL3BvbGl0aWNzLWluZmxhdGlvbi1yaWdodC0xLjY0MjYyMjLSAQA?oc=5
Judge the success of the Liberal-NDP deal by what it did — and how ... - CBC News,2022-04-17 07:00:00,https://news.google.com/__i/rss/rd/articles/CBMiWGh0dHBzOi8vd3d3LmNiYy5jYS9uZXdzL3BvbGl0aWNzL21pbm9yaXR5LXJlcG9ydC13aGVycnktbGliZXJhbC1uZHAtcGFybGlhbWVudC0xLjY0MjA1MjbSAQA?oc=5
"Amid growing criticism, Macklem says Bank of Canada's ... - CBC.ca",2022-10-30 07:00:00,https://news.google.com/__i/rss/rd/articles/CBMiTWh0dHBzOi8vd3d3LmNiYy5jYS9uZXdzL3BvbGl0aWNzL21hY2tsZW0tYm9jLWluZmxhdGlvbi1pbmRlcGVuZGVuY2UtMS42NjM0NzE00gEA?oc=5
"Freeland's mini-budget waives interest on student loans, sends ... - CBC.ca",2022-11-03 07:00:00,https://news.google.com/__i/rss/rd/articles/CBMiR2h0dHBzOi8vd3d3LmNiYy5jYS9uZXdzL3BvbGl0aWNzL2ZhbGwtZWNvbm9taWMtc3RhdGVtZW50LTIwMjItMS42NjM5NDQw0gEA?oc=5
Get informed on the top stories of the day in one quick scan - CBC.ca,2022-11-03 07:00:00,https://news.google.com/__i/rss/rd/articles/CBMiRmh0dHBzOi8vd3d3LmNiYy5jYS9uZXdzL2NhbmFkYS9tb3JuaW5nLWJyaWVmLW5vdmVtYmVyLTMtMjAyMi0xLjY2Mzc2NTjSASBodHRwczovL3d3dy5jYmMuY2EvYW1wLzEuNjYzNzY1OA?oc=5
London North Centre MPP explains why he and others got booted ... - CBC.ca,2022-11-03 07:00:00,https://news.google.com/__i/rss/rd/articles/CBMifmh0dHBzOi8vd3d3LmNiYy5jYS9uZXdzL2NhbmFkYS9sb25kb24vbG9uZG9uLW5vcnRoLWNlbnRyZS1tcHAtZXhwbGFpbnMtd2h5LWhlLWFuZC1vdGhlcnMtZ290LWJvb3RlZC1mcm9tLWxlZ2lzbGF0dXJlLTEuNjYzODc3MNIBAA?oc=5
How the Liberals and New Democrats made a deal to preserve the ... - CBC News,2022-03-27 07:00:00,https://news.google.com/__i/rss/rd/articles/CBMiWWh0dHBzOi8vd3d3LmNiYy5jYS9uZXdzL3BvbGl0aWNzL2xpYmVyYWwtbmRwLWFjY29yZC1jb25maWRlbmNlLXN1cHBseS1hZ3JlZW1lbnQtMS42Mzk3OTg10gEA?oc=5
"Rogers outage shows need for Plan B when wireless, internet ... - CBC News",2022-07-09 07:00:00,https://news.google.com/__i/rss/rd/articles/CBMiQmh0dHBzOi8vd3d3LmNiYy5jYS9uZXdzL2J1c2luZXNzL3JvZ2Vycy1vdXRhZ2Utbm8tcGxhbi1iLTEuNjUxNTY2NNIBAA?oc=5
Chuckwagon races vs. leadership races: Saddle up for the Calgary political Stampede - CBC.ca,2022-07-08 07:00:00,https://news.google.com/__i/rss/rd/articles/CBMiXGh0dHBzOi8vd3d3LmNiYy5jYS9uZXdzL2NhbmFkYS9jYWxnYXJ5L29waW5pb24tY2FsZ2FyeS1zdGFtcGVkZS11Y3AtY3BjLWxlYWRlcnNoaXAtMS42NTEyNzA50gEgaHR0cHM6Ly93d3cuY2JjLmNhL2FtcC8xLjY1MTI3MDk?oc=5
Cracks appear in Liberal-NDP alliance as Singh condemns Ottawa's ... - CBC News,2022-04-27 07:00:00,https://news.google.com/__i/rss/rd/articles/CBMiV2h0dHBzOi8vd3d3LmNiYy5jYS9uZXdzL3BvbGl0aWNzL2xpYmVyYWwtbmRwLWFsbGlhbmNlLXNpbmdoLWNyaXRpY2lzbS1jbGltYXRlLTEuNjQzMzA5M9IBAA?oc=5
'I love a challenge': New P.E.I. NDP leader ready to get to work - CBC.ca,2022-04-23 07:00:00,https://news.google.com/__i/rss/rd/articles/CBMiamh0dHBzOi8vd3d3LmNiYy5jYS9uZXdzL2NhbmFkYS9wcmluY2UtZWR3YXJkLWlzbGFuZC9wZWktbWljaGVsbGUtbmVpbGwtbmRwLWxlYWRlcnNoaXAtY29udmVudGlvbi0xLjY0Mjg5MDfSAQA?oc=5
Caribbean Carnival parade returns to Toronto - CBC.ca,2022-07-30 07:00:00,https://news.google.com/__i/rss/rd/articles/CBMiTmh0dHBzOi8vd3d3LmNiYy5jYS9uZXdzL2NhbmFkYS90b3JvbnRvL2Nhcm5pdmFsLWdyYW5kLXBhcmFkZS1yZXR1cm5zLTEuNjUzNzI4M9IBAA?oc=5
Ontario regulatory colleges have 2 weeks to find ways to register ... - CBC.ca,2022-08-04 07:00:00,https://news.google.com/__i/rss/rd/articles/CBMiTWh0dHBzOi8vd3d3LmNiYy5jYS9uZXdzL2NhbmFkYS90b3JvbnRvL2ludGVybmF0aW9uYWwtbnVyc2VzLW9udGFyaW8tMS42NTQxMTcz0gEA?oc=5
'No evidence at the time' of foreign interference in 2019 federal ... - CBC.ca,2022-11-29 08:00:00,https://news.google.com/__i/rss/rd/articles/CBMiVmh0dHBzOi8vd3d3LmNiYy5jYS9uZXdzL3BvbGl0aWNzL3JjbXAtZm9yZWlnbi1pbnRlcmZlcmVuY2UtZGVjbGluZS1kb2N1bWVudHMtMS42NjY3NjYx0gEA?oc=5
Trudeau says he's 'not looking for a fight' over Alberta Sovereignty Act - CBC News,2022-11-30 08:00:00,https://news.google.com/__i/rss/rd/articles/CBMiVGh0dHBzOi8vd3d3LmNiYy5jYS9uZXdzL3BvbGl0aWNzL3RydWRlYXUtcmVhY3RzLXRvLWFsYmVydGEtc292ZXJlaWdudHktYWN0LTEuNjY2OTU1NdIBAA?oc=5
"PM, leaders denounce U of O for banning cameras at Chinese ... - CBC.ca",2022-11-30 08:00:00,https://news.google.com/__i/rss/rd/articles/CBMijQFodHRwczovL3d3dy5jYmMuY2EvbmV3cy9jYW5hZGEvb3R0YXdhL2p1c3Rpbi10cnVkZWF1LW90aGVyLWxlYWRlcnMtZGVub3VjZS11bml2ZXJzaXR5LW9mLW90dGF3YS1jaGluZXNlLWFtYmFzc2Fkb3ItZnJlZWRvbS1vZi1wcmVzcy0xLjY2Njg3NDLSAQA?oc=5
Singh says he could abandon deal to support Liberals if PM doesn't ... - CBC News,2022-12-12 08:00:00,https://news.google.com/__i/rss/rd/articles/CBMiSmh0dHBzOi8vd3d3LmNiYy5jYS9uZXdzL3BvbGl0aWNzL3NpbmdoLWhlYWx0aC1jYXJlLXByZW1pZXJzLWRlYWwtMS42NjgyOTc00gEA?oc=5
Canada's electronic spy agency watching TikTok 'very carefully ... - CBC News,2022-12-15 08:00:00,https://news.google.com/__i/rss/rd/articles/CBMiP2h0dHBzOi8vd3d3LmNiYy5jYS9uZXdzL3BvbGl0aWNzL3Rpa3Rvay1jaGluYS10cnVkZWF1LTEuNjY4NzA0NdIBAA?oc=5
Trade minister apologizes for breaking conflict of interest rules - CBC.ca,2022-12-14 08:00:00,https://news.google.com/__i/rss/rd/articles/CBMiTmh0dHBzOi8vd3d3LmNiYy5jYS9uZXdzL3BvbGl0aWNzL3RyYWRlLW1pbmlzdGVyLWNvbmZsaWN0LW9mLWludGVyZXN0LTEuNjY4NDAyNdIBAA?oc=5
This group of politicians is digging into how basic income could work ... - CBC.ca,2022-12-14 08:00:00,https://news.google.com/__i/rss/rd/articles/CBMiU2h0dHBzOi8vd3d3LmNiYy5jYS9uZXdzL2NhbmFkYS9uZXdmb3VuZGxhbmQtbGFicmFkb3IvYmFzaWMtaW5jb21lLW1lZXRpbmctMS42NjgyODYy0gEA?oc=5
Low-income renters can get a one-off $500 federal payment. How ... - CBC.ca,2022-12-15 08:00:00,https://news.google.com/__i/rss/rd/articles/CBMiV2h0dHBzOi8vd3d3LmNiYy5jYS9uZXdzL3BvbGl0aWNzL2xvdy1pbmNvbWUtcmVudGVycy1vbmUtb2ZmLXBheW1lbnQtYWR2b2NhdGVzLTEuNjY4NDA2NdIBAA?oc=5
"Liberals, NDP leadership reach tentative deal to support Trudeau ... - CBC News",2022-03-22 07:00:00,https://news.google.com/__i/rss/rd/articles/CBMiUGh0dHBzOi8vd3d3LmNiYy5jYS9uZXdzL3BvbGl0aWNzL3RydWRldS1qYWdtZWV0LXNpbmdoLXdvcmtpbmctdG9nZXRoZXItMS42MzkyNzU20gEA?oc=5
NDP Leader Jagmeet Singh on his party's tentative deal to support ... - CBC.ca,2022-03-23 07:00:00,https://news.google.com/__i/rss/rd/articles/CBMiTmh0dHBzOi8vd3d3LmNiYy5jYS9uZXdzL2NhbmFkYS9icml0aXNoLWNvbHVtYmlhL3NpbmdoLXRlbnRhdGl2ZS1kZWFsLTEuNjM5NTAzMdIBAA?oc=5
'It's a scar': Mosque in Mississauga looks to beef up security after ... - CBC.ca,2022-03-20 07:00:00,https://news.google.com/__i/rss/rd/articles/CBMiSmh0dHBzOi8vd3d3LmNiYy5jYS9uZXdzL2NhbmFkYS90b3JvbnRvL21pc3Npc3NhdWdhLW1vc3F1ZS1hdHRhY2stMS42MzkxNDY20gEA?oc=5
"Liberals, opposition debate CP Rail stoppage but avoid discussing back-to-work legislation - CBC.ca",2022-03-21 07:00:00,https://news.google.com/__i/rss/rd/articles/CBMiR2h0dHBzOi8vd3d3LmNiYy5jYS9uZXdzL3BvbGl0aWNzL2xpYmVyYWxzLW1wLWNwLXJhaWwtc3RvcHBhZ2UtMS42MzkyMzk10gEgaHR0cHM6Ly93d3cuY2JjLmNhL2FtcC8xLjYzOTIzOTU?oc=5
Fortnite owner Epic Games raises $36M to support Ukraine - CBC.ca,2022-03-21 07:00:00,https://news.google.com/__i/rss/rd/articles/CBMiO2h0dHBzOi8vd3d3LmNiYy5jYS9uZXdzL2J1c2luZXNzL2ZvcnRuaXRlLXVrcmFpbmUtMS42MzkyMzg00gEA?oc=5
Horseback-riding goat a hit on B.C. farm - CBC.ca,2022-03-24 07:00:00,https://news.google.com/__i/rss/rd/articles/CBMiXWh0dHBzOi8vd3d3LmNiYy5jYS9uZXdzL2NhbmFkYS9icml0aXNoLWNvbHVtYmlhL2tyZXN0b3ZhLWZhcm0tZ29hdC1ob3JzZS1mcmllbmRzaGlwLTEuNjM5NTYyN9IBAA?oc=5
"Liberals will fulfil promise of dental care for kids, Freeland says - CBC News",2022-08-09 07:00:00,https://news.google.com/__i/rss/rd/articles/CBMiQmh0dHBzOi8vd3d3LmNiYy5jYS9uZXdzL3BvbGl0aWNzL2NhbmFkYS1kZW50YWwtY2FyZS1raWRzLTEuNjU0NjIyNNIBAA?oc=5
Ex-Reform leader warns Liberals will weaponize Conservative ... - CBC News,2022-08-23 07:00:00,https://news.google.com/__i/rss/rd/articles/CBMiYGh0dHBzOi8vd3d3LmNiYy5jYS9uZXdzL3BvbGl0aWNzL3ByZXN0b24tbWFubmluZy1waWVycmUtcG9pbGlldnJlLXRydWRlYXUtY29uc2VydmF0aXZlLTEuNjU1ODc5NNIBAA?oc=5
"PM, MPs pay tribute to Queen Elizabeth during House of Commons ... - CBC.ca",2022-09-15 07:00:00,https://news.google.com/__i/rss/rd/articles/CBMiTWh0dHBzOi8vd3d3LmNiYy5jYS9uZXdzL3BvbGl0aWNzL3RyaWJ1dGVzLXRvLXF1ZWVuLWhvdXNlLW9mLWNvbW1vbnMtMS42NTgzMjkz0gEA?oc=5
"Trudeau announces first steps on dental care, boosts to housing ... - CBC News",2022-09-13 07:00:00,https://news.google.com/__i/rss/rd/articles/CBMiT2h0dHBzOi8vd3d3LmNiYy5jYS9uZXdzL3BvbGl0aWNzL3RydWRlYXUtaW5mbGF0aW9uLW1lYXN1cmVzLWFubm91bmNlZC0xLjY1ODEyODnSAQA?oc=5
Conservative members pick MP Pierre Poilievre to be their new leader - CBC.ca,2022-09-10 07:00:00,https://news.google.com/__i/rss/rd/articles/CBMiU2h0dHBzOi8vd3d3LmNiYy5jYS9uZXdzL3BvbGl0aWNzL2NvbnNlcnZhdGl2ZS1sZWFkZXJzaGlwLWVsZWN0aW9uLXJlc3VsdHMtMS42NTc4MzI50gEA?oc=5
Federal government invokes Emergencies Act for first time ever in ... - CBC.ca,2022-02-14 08:00:00,https://news.google.com/__i/rss/rd/articles/CBMiQ2h0dHBzOi8vd3d3LmNiYy5jYS9uZXdzL3BvbGl0aWNzL3RydWRlYXUtcHJlbWllcnMtY2FiaW5ldC0xLjYzNTA3MzTSAQA?oc=5
Protesters who come to Ottawa risk being tied to 'dangerous criminal ... - CBC.ca,2022-02-16 08:00:00,https://news.google.com/__i/rss/rd/articles/CBMiRGh0dHBzOi8vd3d3LmNiYy5jYS9uZXdzL3BvbGl0aWNzL2VtZXJnZW5jeS1wb3dlcnMtY2hpbGRyZW4tMS42MzUzODQy0gEA?oc=5
Kenney says he's greatly disturbed by invocation of federal Emergencies Act - CBC.ca,2022-02-17 08:00:00,https://news.google.com/__i/rss/rd/articles/CBMifGh0dHBzOi8vd3d3LmNiYy5jYS9uZXdzL2NhbmFkYS9jYWxnYXJ5L2tlbm5leS1zYXlzLWhlLXMtZ3JlYXRseS1kaXN0dXJiZWQtYnktaW52b2NhdGlvbi1vZi1mZWRlcmFsLWVtZXJnZW5jaWVzLWFjdC0xLjYzNTYyMTfSASBodHRwczovL3d3dy5jYmMuY2EvYW1wLzEuNjM1NjIxNw?oc=5
Ottawa rejects Rogers's original bid for access to Shaw's wireless ... - CBC News,2022-10-25 07:00:00,https://news.google.com/__i/rss/rd/articles/CBMiSWh0dHBzOi8vd3d3LmNiYy5jYS9uZXdzL3BvbGl0aWNzL3JvZ2Vycy1zaGF3LXdpcmVsZXNzLWNoYW1wYWduZS0xLjY2MTQ1NzPSAQA?oc=5
Bank of Canada raises interest rate again — but the pace of hikes ... - CBC.ca,2022-10-26 07:00:00,https://news.google.com/__i/rss/rd/articles/CBMiUGh0dHBzOi8vd3d3LmNiYy5jYS9uZXdzL2J1c2luZXNzL2Jhbmstb2YtY2FuYWRhLWludGVyZXN0LXJhdGUtZGVjaXNpb24tMS42NjI5OTAx0gEA?oc=5
RCMP running short of officers to protect cabinet ministers from a ... - CBC.ca,2022-10-27 07:00:00,https://news.google.com/__i/rss/rd/articles/CBMibWh0dHBzOi8vd3d3LmNiYy5jYS9uZXdzL3BvbGl0aWNzL3JjbXAtY2xvc2UtcHJvdGVjdGlvbi11bml0LXNob3J0YWdlLWNhYmluZXQtcHJpbWUtbWluaXN0ZXItdGhyZWF0cy0xLjY2MjkwOTLSAQA?oc=5
Sask. NDP Leader Carla Beck receives 94% approval from party ... - CBC.ca,2022-10-22 07:00:00,https://news.google.com/__i/rss/rd/articles/CBMiS2h0dHBzOi8vd3d3LmNiYy5jYS9uZXdzL2NhbmFkYS9zYXNrYXRjaGV3YW4vbmRwLWFubnVhbC1jb252ZW50aW9uLTEuNjYyNjAwNtIBAA?oc=5
Alberta's newly minted UCP cabinet will need to lead Premier Smith ... - CBC.ca,2022-10-26 07:00:00,https://news.google.com/__i/rss/rd/articles/CBMiZGh0dHBzOi8vd3d3LmNiYy5jYS9uZXdzL2NhbmFkYS9lZG1vbnRvbi9vcGluaW9uLWFsYmVydGEtZGFuaWVsbGUtc21pdGgtY2FiaW5ldC1ib2Vzc2Vua29vbC0xLjY2Mjg2MjTSAQA?oc=5
Jagmeet Singh verbally harassed during Ontario election campaign ... - CBC News,2022-05-11 07:00:00,https://news.google.com/__i/rss/rd/articles/CBMiUWh0dHBzOi8vd3d3LmNiYy5jYS9uZXdzL3BvbGl0aWNzL3NpbmdoLXBldGVyYm9yb3VnaC1jYW1wYWlnbi1oYXJyYXNtZW50LTEuNjQ0OTcyOdIBAA?oc=5
Jagmeet Singh visits Waterloo region to show support for provincial NDP candidates - CBC.ca,2022-05-09 07:00:00,https://news.google.com/__i/rss/rd/articles/CBMiXmh0dHBzOi8vd3d3LmNiYy5jYS9uZXdzL2NhbmFkYS9raXRjaGVuZXItd2F0ZXJsb28vbmRwLW9udGFyaW8tZWxlY3Rpb24tamFnbWVldC1zaW5naC0xLjY0NDcwMTLSASBodHRwczovL3d3dy5jYmMuY2EvYW1wLzEuNjQ0NzAxMg?oc=5
"Threat of violent extremism rising in Canada, MPs told - CBC News",2022-05-13 07:00:00,https://news.google.com/__i/rss/rd/articles/CBMiUWh0dHBzOi8vd3d3LmNiYy5jYS9uZXdzL3BvbGl0aWNzL3BhbmRlbWljLWlkZW9sb2dpY2FsLXZpb2xlbnQtZXh0cmVtaXNtLTEuNjQ1MTYzM9IBAA?oc=5
Potential end to 1-year hotel strike in sight as Hilton Metrotown ... - CBC.ca,2022-05-10 07:00:00,https://news.google.com/__i/rss/rd/articles/CBMiXmh0dHBzOi8vd3d3LmNiYy5jYS9uZXdzL2NhbmFkYS9icml0aXNoLWNvbHVtYmlhL2hpbHRvbi1tZXRyb3Rvd24tdGVudGF0aXZlLWFncmVlbWVudC0xLjY0NDgyMjTSAQA?oc=5
"Waterloo voters share top election concerns: housing, health-care ... - CBC.ca",2022-05-10 07:00:00,https://news.google.com/__i/rss/rd/articles/CBMiXWh0dHBzOi8vd3d3LmNiYy5jYS9uZXdzL2NhbmFkYS9raXRjaGVuZXItd2F0ZXJsb28vd2F0ZXJsb28tdm90ZXJzLWVsZWN0aW9uLWNvbmNlcm5zLTEuNjQ0Nzc5M9IBAA?oc=5
"NDP leader calls for investigation into hoax, arrest of Sikh men - CBC.ca",2022-06-16 07:00:00,https://news.google.com/__i/rss/rd/articles/CBMiUmh0dHBzOi8vd3d3LmNiYy5jYS9uZXdzL2NhbmFkYS9vdHRhd2EvbmRwLWphZ21lZXQtc2luZ2gtc2lraC1hcnJlc3QtaG9heC0xLjY0OTEyNTTSAQA?oc=5
Federal NDP call for more health care services for elders in Nunavut - CBC.ca,2022-06-16 07:00:00,https://news.google.com/__i/rss/rd/articles/CBMiWGh0dHBzOi8vd3d3LmNiYy5jYS9uZXdzL2NhbmFkYS9ub3J0aC9udW5hdnV0LW5kcC1tcC1sb3JpLWlkbG91dC1sb25nLXRlcm0tY2FyZS0xLjY0OTA4OTDSASBodHRwczovL3d3dy5jYmMuY2EvYW1wLzEuNjQ5MDg5MA?oc=5
Chrystia Freeland details $8.9B in measures to tackle affordability in ... - CBC.ca,2022-06-16 07:00:00,https://news.google.com/__i/rss/rd/articles/CBMiU2h0dHBzOi8vd3d3LmNiYy5jYS9uZXdzL3BvbGl0aWNzL2NocnlzdGlhLWZyZWVsYW5kLW1ham9yLWluZmxhdGlvbi1zcGVlY2gtMS42NDkwMzEy0gEA?oc=5
Is Canada slipping into a 'one-and-done' party leader pattern? - CBC News,2022-06-12 07:00:00,https://news.google.com/__i/rss/rd/articles/CBMiSWh0dHBzOi8vd3d3LmNiYy5jYS9uZXdzL3BvbGl0aWNzL3BhcnR5LWxlYWRlci1vbmUtZWxlY3Rpb24tbG9zcy0xLjY0ODQ4ODDSAQA?oc=5
3rd anniversary of controversial Quebec Bill 21 draws Calgary scorn - CBC.ca,2022-06-16 07:00:00,https://news.google.com/__i/rss/rd/articles/CBMiU2h0dHBzOi8vd3d3LmNiYy5jYS9uZXdzL2NhbmFkYS9jYWxnYXJ5L2Fubml2ZXJzYXJ5LXF1ZWJlYy1iaWxsLTIxLWNhbGdhcnktMS42NDkxNjM50gEA?oc=5
Canada prepared to welcome an 'unlimited number' of Ukrainians ... - CBC News,2022-03-03 08:00:00,https://news.google.com/__i/rss/rd/articles/CBMiTWh0dHBzOi8vd3d3LmNiYy5jYS9uZXdzL3BvbGl0aWNzL2NhbmFkYS11bmxpbWl0ZWQtbnVtYmVyLXVrcmFpbmlhbnMtMS42MzcxMjg40gEA?oc=5
The international order is under attack — and Ukraine might not be ... - CBC News,2022-03-02 08:00:00,https://news.google.com/__i/rss/rd/articles/CBMiVGh0dHBzOi8vd3d3LmNiYy5jYS9uZXdzL3BvbGl0aWNzL3doZXJyeS1mcmVlbGFuZC1saWJlcmFsLWRlbW9jcmFjeS11a3JhaW5lLTEuNjM2ODg2NtIBAA?oc=5
MPs question Ottawa's plans for Ukrainians fleeing Russian advance - CBC.ca,2022-02-28 08:00:00,https://news.google.com/__i/rss/rd/articles/CBMiQ2h0dHBzOi8vd3d3LmNiYy5jYS9uZXdzL3BvbGl0aWNzL3Rha2Utbm90ZS1kZWJhdGUtdWtyYWluZS0xLjYzNjc3MznSAQA?oc=5
Quebecers step up to open their homes to Ukrainian refugees - CBC.ca,2022-03-03 08:00:00,https://news.google.com/__i/rss/rd/articles/CBMiVWh0dHBzOi8vd3d3LmNiYy5jYS9uZXdzL2NhbmFkYS9tb250cmVhbC9xdWViZWNlcnMtcmVhZHktdG8td2VsY29tZS1yZWZ1Z2Vlcy0xLjYzNzE2MjTSAQA?oc=5
Trudeau cancels appearance at Surrey fundraiser over protest ... - CBC.ca,2022-05-25 07:00:00,https://news.google.com/__i/rss/rd/articles/CBMiW2h0dHBzOi8vd3d3LmNiYy5jYS9uZXdzL2NhbmFkYS9icml0aXNoLWNvbHVtYmlhL3RydWRlYXUtY2FuY2Vscy1zdXJyZXktYXBwZWFyYW5jZS0xLjY0NjQ4NTbSAQA?oc=5
"Ontario candidates confront racist slurs on signs, hate on campaign ... - CBC.ca",2022-05-22 07:00:00,https://news.google.com/__i/rss/rd/articles/CBMibGh0dHBzOi8vd3d3LmNiYy5jYS9uZXdzL2NhbmFkYS9raXRjaGVuZXItd2F0ZXJsb28vb250YXJpby1lbGVjdGlvbi1jYW1wYWlnbi1oYXRlLXJhY2lzbS1jYW5kaWRhdGVzLTEuNjQ2MTE0M9IBAA?oc=5
"Ahmadiyya Muslim leader Naseem Mahdi dies, leaves behind ... - CBC.ca",2022-05-27 07:00:00,https://news.google.com/__i/rss/rd/articles/CBMiWGh0dHBzOi8vd3d3LmNiYy5jYS9uZXdzL2NhbmFkYS90b3JvbnRvL25hc2VlbS1tYWhkaS1haG1hZGl5eWEtbXVzbGltLWNvbW11bml0eS0xLjY0NjkzMDDSAQA?oc=5
Waterloo region has been a priority for party leaders as Ontario's ... - CBC.ca,2022-05-27 07:00:00,https://news.google.com/__i/rss/rd/articles/CBMicmh0dHBzOi8vd3d3LmNiYy5jYS9uZXdzL2NhbmFkYS9raXRjaGVuZXItd2F0ZXJsb28vd2F0ZXJsb28tcmVnaW9uLW9udGFyaW8tZWxlY3Rpb24tbGVhZGVyLWNhbXBhaWduLXN0b3BzLTEuNjQ2NjM4NtIBAA?oc=5
Longtime Manitoba politician Bill Blaikie remembered for dedication ... - CBC.ca,2022-09-26 07:00:00,https://news.google.com/__i/rss/rd/articles/CBMiS2h0dHBzOi8vd3d3LmNiYy5jYS9uZXdzL2NhbmFkYS9tYW5pdG9iYS9iaWxsLWJsYWlraWUtcGFzc2luZy1yZWF4LTEuNjU5NTIwN9IBAA?oc=5
"On National Day for Truth and Reconciliation, Murray Sinclair ... - CBC.ca",2022-09-30 07:00:00,https://news.google.com/__i/rss/rd/articles/CBMiUmh0dHBzOi8vd3d3LmNiYy5jYS9uZXdzL3BvbGl0aWNzL25hdGlvbmEtZGF5LXRydXRoLXJlY29uY2lsaWF0aW9uLWNhbmFkYS0xLjY2MDA3NDjSAQA?oc=5
RCMP investigating rape threat against Pierre Poilievre's wife - CBC.ca,2022-09-27 07:00:00,https://news.google.com/__i/rss/rd/articles/CBMiRmh0dHBzOi8vd3d3LmNiYy5jYS9uZXdzL3BvbGl0aWNzL3BvaWxpZXZyZS10aHJlYXRzLW1hY2tlbnppZS0xLjY1OTU3MzDSAQA?oc=5
National Remembrance Day ceremony marks 80th anniversary of ... - CBC.ca,2022-11-11 08:00:00,https://news.google.com/__i/rss/rd/articles/CBMiSmh0dHBzOi8vd3d3LmNiYy5jYS9uZXdzL3BvbGl0aWNzL3JlbWVtYnJhbmNlLWRheS1jZXJlbW9ueS1kaWVwcGUtMS42NjQ3NDgx0gEA?oc=5
Danielle Smith captures victory in Brooks-Medicine Hat byelection - CBC.ca,2022-11-09 08:00:00,https://news.google.com/__i/rss/rd/articles/CBMiZmh0dHBzOi8vd3d3LmNiYy5jYS9uZXdzL2NhbmFkYS9jYWxnYXJ5L2RhbmllbGxlLXNtaXRoLWJ5ZWxlY3Rpb24tYnJvb2tzLW1lZGljaW5lLWhhdC1hbGJlcnRhLTEuNjY0MzU5MNIBAA?oc=5
"Thousands gather for Remembrance Day ceremony in London, Ont. - CBC.ca",2022-11-11 08:00:00,https://news.google.com/__i/rss/rd/articles/CBMia2h0dHBzOi8vd3d3LmNiYy5jYS9uZXdzL2NhbmFkYS9sb25kb24vdGhvdXNhbmRzLWdhdGhlci1mb3ItcmVtZW1icmFuY2UtZGF5LWNlcmVtb255LWluLWxvbmRvbi1vbnQtMS42NjQ5MjIw0gEA?oc=5
"Sundre, Alta., float decried as racist was 'political satire,' area ... - CBC.ca",2022-06-27 07:00:00,https://news.google.com/__i/rss/rd/articles/CBMiaWh0dHBzOi8vd3d3LmNiYy5jYS9uZXdzL2NhbmFkYS9jYWxnYXJ5L3N1bmRyZS1mbG9hdC1yYWNpc3Qtc2lraC1wcm8tcm9kZW8tYWxiZXJ0YS1qYWdtZWV0LXNpbmdoLTEuNjUwMjkzM9IBAA?oc=5
Claudia Chender officially at helm of Nova Scotia NDP - CBC.ca,2022-06-25 07:00:00,https://news.google.com/__i/rss/rd/articles/CBMibmh0dHBzOi8vd3d3LmNiYy5jYS9uZXdzL2NhbmFkYS9ub3ZhLXNjb3RpYS9jbGF1ZGlhLWNoZW5kZXItb2ZmaWNpYWxseS1hdC1oZWxtLW9mLXRoZS1ub3ZhLXNjb3RpYS1uZHAtMS42NTAxODMy0gEA?oc=5
Cost of living concerns must be balanced with fiscal restraint ... - CBC.ca,2022-06-26 07:00:00,https://news.google.com/__i/rss/rd/articles/CBMiRmh0dHBzOi8vd3d3LmNiYy5jYS9uZXdzL3BvbGl0aWNzL2NocnlzdGlhLWZyZWVsYW5kLWluZmxhdGlvbi0xLjY1MDE3NTDSAQA?oc=5
Canadian Conservatives reluctant to comment on report that U.S. ... - CBC.ca,2022-05-03 07:00:00,https://news.google.com/__i/rss/rd/articles/CBMiWGh0dHBzOi8vd3d3LmNiYy5jYS9uZXdzL3BvbGl0aWNzL2NhbmFkaWFuLWNvbnNlcnZhdGl2ZXMtc3VwcmVtZS1jb3VydC1yb2Utd2FkZS0xLjY0Mzk2NjDSAQA?oc=5
"Highways, hospitals and a dismal voter turnout: How Doug Ford conquered Brampton - CBC.ca",2022-06-06 07:00:00,https://news.google.com/__i/rss/rd/articles/CBMiUGh0dHBzOi8vd3d3LmNiYy5jYS9uZXdzL2NhbmFkYS90b3JvbnRvL2JyYW1wdG9uLWZvcmQtY29uc2VydmF0aXZlcy13aW4tMS42NDc5MTIy0gEgaHR0cHM6Ly93d3cuY2JjLmNhL2FtcC8xLjY0NzkxMjI?oc=5
"Proposed powers to sell, redistribute Russian assets may violate ... - CBC News",2022-06-05 07:00:00,https://news.google.com/__i/rss/rd/articles/CBMiVWh0dHBzOi8vd3d3LmNiYy5jYS9uZXdzL3BvbGl0aWNzL2MxOS1ydXNzaWEtc2FuY3Rpb25zLXVuLWFydGljbGVzLXZpb2xhdGlvbi0xLjY0NzgxMTXSAQA?oc=5
"The ballad of Bill Morneau — a call for more economic growth, less ... - CBC.ca",2022-06-04 07:00:00,https://news.google.com/__i/rss/rd/articles/CBMiVmh0dHBzOi8vd3d3LmNiYy5jYS9uZXdzL3BvbGl0aWNzL2JpbGwtbW9ybmVhdS1zcGVlY2gtdHJ1ZGVhdS13aGVycnktYW5hbHlzaXMtMS42NDc3MjYw0gEA?oc=5
